--
-- PostgreSQL database dump
--

-- Dumped from database version 16.6
-- Dumped by pg_dump version 16.6

SET statement_timeout = 0;
SET lock_timeout = 0;
SET idle_in_transaction_session_timeout = 0;
SET client_encoding = 'UTF8';
SET standard_conforming_strings = on;
SELECT pg_catalog.set_config('search_path', '', false);
SET check_function_bodies = false;
SET xmloption = content;
SET client_min_messages = warning;
SET row_security = off;

SET default_tablespace = '';

SET default_table_access_method = heap;

--
-- Name: LibHub_author; Type: TABLE; Schema: public; Owner: LibAdmin
--

CREATE TABLE public."LibHub_author" (
    id bigint NOT NULL,
    first_name character varying(30) NOT NULL,
    last_name character varying(30) NOT NULL,
    middle_name character varying(30),
    is_deleted boolean NOT NULL
);


ALTER TABLE public."LibHub_author" OWNER TO "LibAdmin";

--
-- Name: LibHub_author_id_seq; Type: SEQUENCE; Schema: public; Owner: LibAdmin
--

ALTER TABLE public."LibHub_author" ALTER COLUMN id ADD GENERATED BY DEFAULT AS IDENTITY (
    SEQUENCE NAME public."LibHub_author_id_seq"
    START WITH 1
    INCREMENT BY 1
    NO MINVALUE
    NO MAXVALUE
    CACHE 1
);


--
-- Name: LibHub_book; Type: TABLE; Schema: public; Owner: LibAdmin
--

CREATE TABLE public."LibHub_book" (
    id bigint NOT NULL,
    name character varying(255) NOT NULL,
    publication_year integer NOT NULL,
    cover_url character varying(200) NOT NULL,
    quantity integer NOT NULL,
    is_deleted boolean NOT NULL,
    language_id bigint NOT NULL,
    CONSTRAINT "LibHub_book_quantity_check" CHECK ((quantity >= 0))
);


ALTER TABLE public."LibHub_book" OWNER TO "LibAdmin";

--
-- Name: LibHub_book_authors; Type: TABLE; Schema: public; Owner: LibAdmin
--

CREATE TABLE public."LibHub_book_authors" (
    id bigint NOT NULL,
    book_id bigint NOT NULL,
    author_id bigint NOT NULL
);


ALTER TABLE public."LibHub_book_authors" OWNER TO "LibAdmin";

--
-- Name: LibHub_book_authors_id_seq; Type: SEQUENCE; Schema: public; Owner: LibAdmin
--

ALTER TABLE public."LibHub_book_authors" ALTER COLUMN id ADD GENERATED BY DEFAULT AS IDENTITY (
    SEQUENCE NAME public."LibHub_book_authors_id_seq"
    START WITH 1
    INCREMENT BY 1
    NO MINVALUE
    NO MAXVALUE
    CACHE 1
);


--
-- Name: LibHub_book_genres; Type: TABLE; Schema: public; Owner: LibAdmin
--

CREATE TABLE public."LibHub_book_genres" (
    id bigint NOT NULL,
    book_id bigint NOT NULL,
    genre_id bigint NOT NULL
);


ALTER TABLE public."LibHub_book_genres" OWNER TO "LibAdmin";

--
-- Name: LibHub_book_genres_id_seq; Type: SEQUENCE; Schema: public; Owner: LibAdmin
--

ALTER TABLE public."LibHub_book_genres" ALTER COLUMN id ADD GENERATED BY DEFAULT AS IDENTITY (
    SEQUENCE NAME public."LibHub_book_genres_id_seq"
    START WITH 1
    INCREMENT BY 1
    NO MINVALUE
    NO MAXVALUE
    CACHE 1
);


--
-- Name: LibHub_book_id_seq; Type: SEQUENCE; Schema: public; Owner: LibAdmin
--

ALTER TABLE public."LibHub_book" ALTER COLUMN id ADD GENERATED BY DEFAULT AS IDENTITY (
    SEQUENCE NAME public."LibHub_book_id_seq"
    START WITH 1
    INCREMENT BY 1
    NO MINVALUE
    NO MAXVALUE
    CACHE 1
);


--
-- Name: LibHub_book_publishers; Type: TABLE; Schema: public; Owner: LibAdmin
--

CREATE TABLE public."LibHub_book_publishers" (
    id bigint NOT NULL,
    book_id bigint NOT NULL,
    publisher_id bigint NOT NULL
);


ALTER TABLE public."LibHub_book_publishers" OWNER TO "LibAdmin";

--
-- Name: LibHub_book_publishers_id_seq; Type: SEQUENCE; Schema: public; Owner: LibAdmin
--

ALTER TABLE public."LibHub_book_publishers" ALTER COLUMN id ADD GENERATED BY DEFAULT AS IDENTITY (
    SEQUENCE NAME public."LibHub_book_publishers_id_seq"
    START WITH 1
    INCREMENT BY 1
    NO MINVALUE
    NO MAXVALUE
    CACHE 1
);


--
-- Name: LibHub_comment; Type: TABLE; Schema: public; Owner: LibAdmin
--

CREATE TABLE public."LibHub_comment" (
    id bigint NOT NULL,
    text text NOT NULL,
    is_deleted boolean NOT NULL,
    book_id bigint NOT NULL,
    user_id bigint NOT NULL
);


ALTER TABLE public."LibHub_comment" OWNER TO "LibAdmin";

--
-- Name: LibHub_comment_id_seq; Type: SEQUENCE; Schema: public; Owner: LibAdmin
--

ALTER TABLE public."LibHub_comment" ALTER COLUMN id ADD GENERATED BY DEFAULT AS IDENTITY (
    SEQUENCE NAME public."LibHub_comment_id_seq"
    START WITH 1
    INCREMENT BY 1
    NO MINVALUE
    NO MAXVALUE
    CACHE 1
);


--
-- Name: LibHub_evaluation; Type: TABLE; Schema: public; Owner: LibAdmin
--

CREATE TABLE public."LibHub_evaluation" (
    id bigint NOT NULL,
    evaluation integer NOT NULL,
    is_deleted boolean NOT NULL,
    book_id bigint NOT NULL,
    user_id bigint NOT NULL
);


ALTER TABLE public."LibHub_evaluation" OWNER TO "LibAdmin";

--
-- Name: LibHub_evaluation_id_seq; Type: SEQUENCE; Schema: public; Owner: LibAdmin
--

ALTER TABLE public."LibHub_evaluation" ALTER COLUMN id ADD GENERATED BY DEFAULT AS IDENTITY (
    SEQUENCE NAME public."LibHub_evaluation_id_seq"
    START WITH 1
    INCREMENT BY 1
    NO MINVALUE
    NO MAXVALUE
    CACHE 1
);


--
-- Name: LibHub_genre; Type: TABLE; Schema: public; Owner: LibAdmin
--

CREATE TABLE public."LibHub_genre" (
    id bigint NOT NULL,
    name character varying(30) NOT NULL,
    is_deleted boolean NOT NULL
);


ALTER TABLE public."LibHub_genre" OWNER TO "LibAdmin";

--
-- Name: LibHub_genre_id_seq; Type: SEQUENCE; Schema: public; Owner: LibAdmin
--

ALTER TABLE public."LibHub_genre" ALTER COLUMN id ADD GENERATED BY DEFAULT AS IDENTITY (
    SEQUENCE NAME public."LibHub_genre_id_seq"
    START WITH 1
    INCREMENT BY 1
    NO MINVALUE
    NO MAXVALUE
    CACHE 1
);


--
-- Name: LibHub_language; Type: TABLE; Schema: public; Owner: LibAdmin
--

CREATE TABLE public."LibHub_language" (
    id bigint NOT NULL,
    name character varying(30) NOT NULL,
    chars_code character varying(5) NOT NULL,
    is_deleted boolean NOT NULL
);


ALTER TABLE public."LibHub_language" OWNER TO "LibAdmin";

--
-- Name: LibHub_language_id_seq; Type: SEQUENCE; Schema: public; Owner: LibAdmin
--

ALTER TABLE public."LibHub_language" ALTER COLUMN id ADD GENERATED BY DEFAULT AS IDENTITY (
    SEQUENCE NAME public."LibHub_language_id_seq"
    START WITH 1
    INCREMENT BY 1
    NO MINVALUE
    NO MAXVALUE
    CACHE 1
);


--
-- Name: LibHub_publisher; Type: TABLE; Schema: public; Owner: LibAdmin
--

CREATE TABLE public."LibHub_publisher" (
    id bigint NOT NULL,
    name character varying(30) NOT NULL,
    address character varying(100) NOT NULL,
    is_deleted boolean NOT NULL
);


ALTER TABLE public."LibHub_publisher" OWNER TO "LibAdmin";

--
-- Name: LibHub_publisher_id_seq; Type: SEQUENCE; Schema: public; Owner: LibAdmin
--

ALTER TABLE public."LibHub_publisher" ALTER COLUMN id ADD GENERATED BY DEFAULT AS IDENTITY (
    SEQUENCE NAME public."LibHub_publisher_id_seq"
    START WITH 1
    INCREMENT BY 1
    NO MINVALUE
    NO MAXVALUE
    CACHE 1
);


--
-- Name: LibHub_request; Type: TABLE; Schema: public; Owner: LibAdmin
--

CREATE TABLE public."LibHub_request" (
    id bigint NOT NULL,
    borrow_date date NOT NULL,
    return_date date NOT NULL,
    status character varying(8) NOT NULL,
    book_id bigint NOT NULL,
    user_id bigint NOT NULL
);


ALTER TABLE public."LibHub_request" OWNER TO "LibAdmin";

--
-- Name: LibHub_request_id_seq; Type: SEQUENCE; Schema: public; Owner: LibAdmin
--

ALTER TABLE public."LibHub_request" ALTER COLUMN id ADD GENERATED BY DEFAULT AS IDENTITY (
    SEQUENCE NAME public."LibHub_request_id_seq"
    START WITH 1
    INCREMENT BY 1
    NO MINVALUE
    NO MAXVALUE
    CACHE 1
);


--
-- Name: LibHub_user; Type: TABLE; Schema: public; Owner: LibAdmin
--

CREATE TABLE public."LibHub_user" (
    id bigint NOT NULL,
    password character varying(128) NOT NULL,
    last_login timestamp with time zone,
    is_superuser boolean NOT NULL,
    email character varying(254) NOT NULL,
    first_name character varying(150),
    last_name character varying(150),
    is_active boolean NOT NULL,
    is_staff boolean NOT NULL
);


ALTER TABLE public."LibHub_user" OWNER TO "LibAdmin";

--
-- Name: LibHub_user_groups; Type: TABLE; Schema: public; Owner: LibAdmin
--

CREATE TABLE public."LibHub_user_groups" (
    id bigint NOT NULL,
    user_id bigint NOT NULL,
    group_id integer NOT NULL
);


ALTER TABLE public."LibHub_user_groups" OWNER TO "LibAdmin";

--
-- Name: LibHub_user_groups_id_seq; Type: SEQUENCE; Schema: public; Owner: LibAdmin
--

ALTER TABLE public."LibHub_user_groups" ALTER COLUMN id ADD GENERATED BY DEFAULT AS IDENTITY (
    SEQUENCE NAME public."LibHub_user_groups_id_seq"
    START WITH 1
    INCREMENT BY 1
    NO MINVALUE
    NO MAXVALUE
    CACHE 1
);


--
-- Name: LibHub_user_id_seq; Type: SEQUENCE; Schema: public; Owner: LibAdmin
--

ALTER TABLE public."LibHub_user" ALTER COLUMN id ADD GENERATED BY DEFAULT AS IDENTITY (
    SEQUENCE NAME public."LibHub_user_id_seq"
    START WITH 1
    INCREMENT BY 1
    NO MINVALUE
    NO MAXVALUE
    CACHE 1
);


--
-- Name: LibHub_user_user_permissions; Type: TABLE; Schema: public; Owner: LibAdmin
--

CREATE TABLE public."LibHub_user_user_permissions" (
    id bigint NOT NULL,
    user_id bigint NOT NULL,
    permission_id integer NOT NULL
);


ALTER TABLE public."LibHub_user_user_permissions" OWNER TO "LibAdmin";

--
-- Name: LibHub_user_user_permissions_id_seq; Type: SEQUENCE; Schema: public; Owner: LibAdmin
--

ALTER TABLE public."LibHub_user_user_permissions" ALTER COLUMN id ADD GENERATED BY DEFAULT AS IDENTITY (
    SEQUENCE NAME public."LibHub_user_user_permissions_id_seq"
    START WITH 1
    INCREMENT BY 1
    NO MINVALUE
    NO MAXVALUE
    CACHE 1
);


--
-- Name: auth_group; Type: TABLE; Schema: public; Owner: LibAdmin
--

CREATE TABLE public.auth_group (
    id integer NOT NULL,
    name character varying(150) NOT NULL
);


ALTER TABLE public.auth_group OWNER TO "LibAdmin";

--
-- Name: auth_group_id_seq; Type: SEQUENCE; Schema: public; Owner: LibAdmin
--

ALTER TABLE public.auth_group ALTER COLUMN id ADD GENERATED BY DEFAULT AS IDENTITY (
    SEQUENCE NAME public.auth_group_id_seq
    START WITH 1
    INCREMENT BY 1
    NO MINVALUE
    NO MAXVALUE
    CACHE 1
);


--
-- Name: auth_group_permissions; Type: TABLE; Schema: public; Owner: LibAdmin
--

CREATE TABLE public.auth_group_permissions (
    id bigint NOT NULL,
    group_id integer NOT NULL,
    permission_id integer NOT NULL
);


ALTER TABLE public.auth_group_permissions OWNER TO "LibAdmin";

--
-- Name: auth_group_permissions_id_seq; Type: SEQUENCE; Schema: public; Owner: LibAdmin
--

ALTER TABLE public.auth_group_permissions ALTER COLUMN id ADD GENERATED BY DEFAULT AS IDENTITY (
    SEQUENCE NAME public.auth_group_permissions_id_seq
    START WITH 1
    INCREMENT BY 1
    NO MINVALUE
    NO MAXVALUE
    CACHE 1
);


--
-- Name: auth_permission; Type: TABLE; Schema: public; Owner: LibAdmin
--

CREATE TABLE public.auth_permission (
    id integer NOT NULL,
    name character varying(255) NOT NULL,
    content_type_id integer NOT NULL,
    codename character varying(100) NOT NULL
);


ALTER TABLE public.auth_permission OWNER TO "LibAdmin";

--
-- Name: auth_permission_id_seq; Type: SEQUENCE; Schema: public; Owner: LibAdmin
--

ALTER TABLE public.auth_permission ALTER COLUMN id ADD GENERATED BY DEFAULT AS IDENTITY (
    SEQUENCE NAME public.auth_permission_id_seq
    START WITH 1
    INCREMENT BY 1
    NO MINVALUE
    NO MAXVALUE
    CACHE 1
);


--
-- Name: django_admin_log; Type: TABLE; Schema: public; Owner: LibAdmin
--

CREATE TABLE public.django_admin_log (
    id integer NOT NULL,
    action_time timestamp with time zone NOT NULL,
    object_id text,
    object_repr character varying(200) NOT NULL,
    action_flag smallint NOT NULL,
    change_message text NOT NULL,
    content_type_id integer,
    user_id bigint NOT NULL,
    CONSTRAINT django_admin_log_action_flag_check CHECK ((action_flag >= 0))
);


ALTER TABLE public.django_admin_log OWNER TO "LibAdmin";

--
-- Name: django_admin_log_id_seq; Type: SEQUENCE; Schema: public; Owner: LibAdmin
--

ALTER TABLE public.django_admin_log ALTER COLUMN id ADD GENERATED BY DEFAULT AS IDENTITY (
    SEQUENCE NAME public.django_admin_log_id_seq
    START WITH 1
    INCREMENT BY 1
    NO MINVALUE
    NO MAXVALUE
    CACHE 1
);


--
-- Name: django_content_type; Type: TABLE; Schema: public; Owner: LibAdmin
--

CREATE TABLE public.django_content_type (
    id integer NOT NULL,
    app_label character varying(100) NOT NULL,
    model character varying(100) NOT NULL
);


ALTER TABLE public.django_content_type OWNER TO "LibAdmin";

--
-- Name: django_content_type_id_seq; Type: SEQUENCE; Schema: public; Owner: LibAdmin
--

ALTER TABLE public.django_content_type ALTER COLUMN id ADD GENERATED BY DEFAULT AS IDENTITY (
    SEQUENCE NAME public.django_content_type_id_seq
    START WITH 1
    INCREMENT BY 1
    NO MINVALUE
    NO MAXVALUE
    CACHE 1
);


--
-- Name: django_migrations; Type: TABLE; Schema: public; Owner: LibAdmin
--

CREATE TABLE public.django_migrations (
    id bigint NOT NULL,
    app character varying(255) NOT NULL,
    name character varying(255) NOT NULL,
    applied timestamp with time zone NOT NULL
);


ALTER TABLE public.django_migrations OWNER TO "LibAdmin";

--
-- Name: django_migrations_id_seq; Type: SEQUENCE; Schema: public; Owner: LibAdmin
--

ALTER TABLE public.django_migrations ALTER COLUMN id ADD GENERATED BY DEFAULT AS IDENTITY (
    SEQUENCE NAME public.django_migrations_id_seq
    START WITH 1
    INCREMENT BY 1
    NO MINVALUE
    NO MAXVALUE
    CACHE 1
);


--
-- Name: django_session; Type: TABLE; Schema: public; Owner: LibAdmin
--

CREATE TABLE public.django_session (
    session_key character varying(40) NOT NULL,
    session_data text NOT NULL,
    expire_date timestamp with time zone NOT NULL
);


ALTER TABLE public.django_session OWNER TO "LibAdmin";

--
-- Data for Name: LibHub_author; Type: TABLE DATA; Schema: public; Owner: LibAdmin
--

COPY public."LibHub_author" (id, first_name, last_name, middle_name, is_deleted) FROM stdin;
\.


--
-- Data for Name: LibHub_book; Type: TABLE DATA; Schema: public; Owner: LibAdmin
--

COPY public."LibHub_book" (id, name, publication_year, cover_url, quantity, is_deleted, language_id) FROM stdin;
\.


--
-- Data for Name: LibHub_book_authors; Type: TABLE DATA; Schema: public; Owner: LibAdmin
--

COPY public."LibHub_book_authors" (id, book_id, author_id) FROM stdin;
\.


--
-- Data for Name: LibHub_book_genres; Type: TABLE DATA; Schema: public; Owner: LibAdmin
--

COPY public."LibHub_book_genres" (id, book_id, genre_id) FROM stdin;
\.


--
-- Data for Name: LibHub_book_publishers; Type: TABLE DATA; Schema: public; Owner: LibAdmin
--

COPY public."LibHub_book_publishers" (id, book_id, publisher_id) FROM stdin;
\.


--
-- Data for Name: LibHub_comment; Type: TABLE DATA; Schema: public; Owner: LibAdmin
--

COPY public."LibHub_comment" (id, text, is_deleted, book_id, user_id) FROM stdin;
\.


--
-- Data for Name: LibHub_evaluation; Type: TABLE DATA; Schema: public; Owner: LibAdmin
--

COPY public."LibHub_evaluation" (id, evaluation, is_deleted, book_id, user_id) FROM stdin;
\.


--
-- Data for Name: LibHub_genre; Type: TABLE DATA; Schema: public; Owner: LibAdmin
--

COPY public."LibHub_genre" (id, name, is_deleted) FROM stdin;
\.


--
-- Data for Name: LibHub_language; Type: TABLE DATA; Schema: public; Owner: LibAdmin
--

COPY public."LibHub_language" (id, name, chars_code, is_deleted) FROM stdin;
\.


--
-- Data for Name: LibHub_publisher; Type: TABLE DATA; Schema: public; Owner: LibAdmin
--

COPY public."LibHub_publisher" (id, name, address, is_deleted) FROM stdin;
\.


--
-- Data for Name: LibHub_request; Type: TABLE DATA; Schema: public; Owner: LibAdmin
--

COPY public."LibHub_request" (id, borrow_date, return_date, status, book_id, user_id) FROM stdin;
\.


--
-- Data for Name: LibHub_user; Type: TABLE DATA; Schema: public; Owner: LibAdmin
--

COPY public."LibHub_user" (id, password, last_login, is_superuser, email, first_name, last_name, is_active, is_staff) FROM stdin;
1	pbkdf2_sha256$870000$qLFoYRUSCZFkDkV2OurxJQ$W7TdpicSXeDvVNIAeCVk3SKl9uhRah3feLRiT9263N0=	\N	f	Shaku@gmail.com	1	2	t	f
2	pbkdf2_sha256$870000$jaDDN6Zkeic5PQhtINoqju$1I8wM56br281hSVTlVweZscNckKqG7GNU8csbNy6dLg=	2024-12-12 20:06:08.474201+03	f	uter222222@gmail.com	123	123	t	f
\.


--
-- Data for Name: LibHub_user_groups; Type: TABLE DATA; Schema: public; Owner: LibAdmin
--

COPY public."LibHub_user_groups" (id, user_id, group_id) FROM stdin;
\.


--
-- Data for Name: LibHub_user_user_permissions; Type: TABLE DATA; Schema: public; Owner: LibAdmin
--

COPY public."LibHub_user_user_permissions" (id, user_id, permission_id) FROM stdin;
\.


--
-- Data for Name: auth_group; Type: TABLE DATA; Schema: public; Owner: LibAdmin
--

COPY public.auth_group (id, name) FROM stdin;
\.


--
-- Data for Name: auth_group_permissions; Type: TABLE DATA; Schema: public; Owner: LibAdmin
--

COPY public.auth_group_permissions (id, group_id, permission_id) FROM stdin;
\.


--
-- Data for Name: auth_permission; Type: TABLE DATA; Schema: public; Owner: LibAdmin
--

COPY public.auth_permission (id, name, content_type_id, codename) FROM stdin;
1	Can add author	1	add_author
2	Can change author	1	change_author
3	Can delete author	1	delete_author
4	Can view author	1	view_author
5	Can add genre	2	add_genre
6	Can change genre	2	change_genre
7	Can delete genre	2	delete_genre
8	Can view genre	2	view_genre
9	Can add language	3	add_language
10	Can change language	3	change_language
11	Can delete language	3	delete_language
12	Can view language	3	view_language
13	Can add publisher	4	add_publisher
14	Can change publisher	4	change_publisher
15	Can delete publisher	4	delete_publisher
16	Can view publisher	4	view_publisher
17	Can add book	5	add_book
18	Can change book	5	change_book
19	Can delete book	5	delete_book
20	Can view book	5	view_book
21	Can add user	6	add_user
22	Can change user	6	change_user
23	Can delete user	6	delete_user
24	Can view user	6	view_user
25	Can add request	7	add_request
26	Can change request	7	change_request
27	Can delete request	7	delete_request
28	Can view request	7	view_request
29	Can add evaluation	8	add_evaluation
30	Can change evaluation	8	change_evaluation
31	Can delete evaluation	8	delete_evaluation
32	Can view evaluation	8	view_evaluation
33	Can add comment	9	add_comment
34	Can change comment	9	change_comment
35	Can delete comment	9	delete_comment
36	Can view comment	9	view_comment
37	Can add permission	10	add_permission
38	Can change permission	10	change_permission
39	Can delete permission	10	delete_permission
40	Can view permission	10	view_permission
41	Can add group	11	add_group
42	Can change group	11	change_group
43	Can delete group	11	delete_group
44	Can view group	11	view_group
45	Can add log entry	12	add_logentry
46	Can change log entry	12	change_logentry
47	Can delete log entry	12	delete_logentry
48	Can view log entry	12	view_logentry
49	Can add content type	13	add_contenttype
50	Can change content type	13	change_contenttype
51	Can delete content type	13	delete_contenttype
52	Can view content type	13	view_contenttype
53	Can add session	14	add_session
54	Can change session	14	change_session
55	Can delete session	14	delete_session
56	Can view session	14	view_session
\.


--
-- Data for Name: django_admin_log; Type: TABLE DATA; Schema: public; Owner: LibAdmin
--

COPY public.django_admin_log (id, action_time, object_id, object_repr, action_flag, change_message, content_type_id, user_id) FROM stdin;
\.


--
-- Data for Name: django_content_type; Type: TABLE DATA; Schema: public; Owner: LibAdmin
--

COPY public.django_content_type (id, app_label, model) FROM stdin;
1	LibHub	author
2	LibHub	genre
3	LibHub	language
4	LibHub	publisher
5	LibHub	book
6	LibHub	user
7	LibHub	request
8	LibHub	evaluation
9	LibHub	comment
10	auth	permission
11	auth	group
12	admin	logentry
13	contenttypes	contenttype
14	sessions	session
\.


--
-- Data for Name: django_migrations; Type: TABLE DATA; Schema: public; Owner: LibAdmin
--

COPY public.django_migrations (id, app, name, applied) FROM stdin;
1	contenttypes	0001_initial	2024-12-12 20:05:01.69981+03
2	contenttypes	0002_remove_content_type_name	2024-12-12 20:05:01.703809+03
3	auth	0001_initial	2024-12-12 20:05:01.732808+03
4	auth	0002_alter_permission_name_max_length	2024-12-12 20:05:01.735809+03
5	auth	0003_alter_user_email_max_length	2024-12-12 20:05:01.737808+03
6	auth	0004_alter_user_username_opts	2024-12-12 20:05:01.74081+03
7	auth	0005_alter_user_last_login_null	2024-12-12 20:05:01.742808+03
8	auth	0006_require_contenttypes_0002	2024-12-12 20:05:01.743807+03
9	auth	0007_alter_validators_add_error_messages	2024-12-12 20:05:01.747082+03
10	auth	0008_alter_user_username_max_length	2024-12-12 20:05:01.74968+03
11	auth	0009_alter_user_last_name_max_length	2024-12-12 20:05:01.752278+03
12	auth	0010_alter_group_name_max_length	2024-12-12 20:05:01.756415+03
13	auth	0011_update_proxy_permissions	2024-12-12 20:05:01.760411+03
14	auth	0012_alter_user_first_name_max_length	2024-12-12 20:05:01.76341+03
15	LibHub	0001_initial	2024-12-12 20:05:01.880381+03
16	admin	0001_initial	2024-12-12 20:05:01.898381+03
17	admin	0002_logentry_remove_auto_add	2024-12-12 20:05:01.904381+03
18	admin	0003_logentry_add_action_flag_choices	2024-12-12 20:05:01.90938+03
19	sessions	0001_initial	2024-12-12 20:05:01.91738+03
\.


--
-- Data for Name: django_session; Type: TABLE DATA; Schema: public; Owner: LibAdmin
--

COPY public.django_session (session_key, session_data, expire_date) FROM stdin;
9kes1201o00vj12bskqfnorfgoj3rkfy	.eJxVjDsOwjAQRO_iGln4v0tJzxks_xYHkC3FSYW4O4mUAsqZ92bezId1qX4dZfZTZhcm2em3iyE9S9tBfoR27zz1tsxT5LvCDzr4refyuh7u30ENo27r4jSSFQgWQaQAxjoykF0OhQwpOBuFVsS4BSGwSAINKRJqRUpakdnnC9bsN6k:1tLmdc:1mJKdbJAJdkysGDEi5bP2tQlWoSnLpGUt10Z8wELBP8	2024-12-26 20:06:08.475202+03
\.


--
-- Name: LibHub_author_id_seq; Type: SEQUENCE SET; Schema: public; Owner: LibAdmin
--

SELECT pg_catalog.setval('public."LibHub_author_id_seq"', 1, false);


--
-- Name: LibHub_book_authors_id_seq; Type: SEQUENCE SET; Schema: public; Owner: LibAdmin
--

SELECT pg_catalog.setval('public."LibHub_book_authors_id_seq"', 1, false);


--
-- Name: LibHub_book_genres_id_seq; Type: SEQUENCE SET; Schema: public; Owner: LibAdmin
--

SELECT pg_catalog.setval('public."LibHub_book_genres_id_seq"', 1, false);


--
-- Name: LibHub_book_id_seq; Type: SEQUENCE SET; Schema: public; Owner: LibAdmin
--

SELECT pg_catalog.setval('public."LibHub_book_id_seq"', 1, false);


--
-- Name: LibHub_book_publishers_id_seq; Type: SEQUENCE SET; Schema: public; Owner: LibAdmin
--

SELECT pg_catalog.setval('public."LibHub_book_publishers_id_seq"', 1, false);


--
-- Name: LibHub_comment_id_seq; Type: SEQUENCE SET; Schema: public; Owner: LibAdmin
--

SELECT pg_catalog.setval('public."LibHub_comment_id_seq"', 1, false);


--
-- Name: LibHub_evaluation_id_seq; Type: SEQUENCE SET; Schema: public; Owner: LibAdmin
--

SELECT pg_catalog.setval('public."LibHub_evaluation_id_seq"', 1, false);


--
-- Name: LibHub_genre_id_seq; Type: SEQUENCE SET; Schema: public; Owner: LibAdmin
--

SELECT pg_catalog.setval('public."LibHub_genre_id_seq"', 1, false);


--
-- Name: LibHub_language_id_seq; Type: SEQUENCE SET; Schema: public; Owner: LibAdmin
--

SELECT pg_catalog.setval('public."LibHub_language_id_seq"', 1, false);


--
-- Name: LibHub_publisher_id_seq; Type: SEQUENCE SET; Schema: public; Owner: LibAdmin
--

SELECT pg_catalog.setval('public."LibHub_publisher_id_seq"', 1, false);


--
-- Name: LibHub_request_id_seq; Type: SEQUENCE SET; Schema: public; Owner: LibAdmin
--

SELECT pg_catalog.setval('public."LibHub_request_id_seq"', 1, false);


--
-- Name: LibHub_user_groups_id_seq; Type: SEQUENCE SET; Schema: public; Owner: LibAdmin
--

SELECT pg_catalog.setval('public."LibHub_user_groups_id_seq"', 1, false);


--
-- Name: LibHub_user_id_seq; Type: SEQUENCE SET; Schema: public; Owner: LibAdmin
--

SELECT pg_catalog.setval('public."LibHub_user_id_seq"', 2, true);


--
-- Name: LibHub_user_user_permissions_id_seq; Type: SEQUENCE SET; Schema: public; Owner: LibAdmin
--

SELECT pg_catalog.setval('public."LibHub_user_user_permissions_id_seq"', 1, false);


--
-- Name: auth_group_id_seq; Type: SEQUENCE SET; Schema: public; Owner: LibAdmin
--

SELECT pg_catalog.setval('public.auth_group_id_seq', 1, false);


--
-- Name: auth_group_permissions_id_seq; Type: SEQUENCE SET; Schema: public; Owner: LibAdmin
--

SELECT pg_catalog.setval('public.auth_group_permissions_id_seq', 1, false);


--
-- Name: auth_permission_id_seq; Type: SEQUENCE SET; Schema: public; Owner: LibAdmin
--

SELECT pg_catalog.setval('public.auth_permission_id_seq', 56, true);


--
-- Name: django_admin_log_id_seq; Type: SEQUENCE SET; Schema: public; Owner: LibAdmin
--

SELECT pg_catalog.setval('public.django_admin_log_id_seq', 1, false);


--
-- Name: django_content_type_id_seq; Type: SEQUENCE SET; Schema: public; Owner: LibAdmin
--

SELECT pg_catalog.setval('public.django_content_type_id_seq', 14, true);


--
-- Name: django_migrations_id_seq; Type: SEQUENCE SET; Schema: public; Owner: LibAdmin
--

SELECT pg_catalog.setval('public.django_migrations_id_seq', 19, true);


--
-- Name: LibHub_author LibHub_author_pkey; Type: CONSTRAINT; Schema: public; Owner: LibAdmin
--

ALTER TABLE ONLY public."LibHub_author"
    ADD CONSTRAINT "LibHub_author_pkey" PRIMARY KEY (id);


--
-- Name: LibHub_book_authors LibHub_book_authors_book_id_author_id_527c7c58_uniq; Type: CONSTRAINT; Schema: public; Owner: LibAdmin
--

ALTER TABLE ONLY public."LibHub_book_authors"
    ADD CONSTRAINT "LibHub_book_authors_book_id_author_id_527c7c58_uniq" UNIQUE (book_id, author_id);


--
-- Name: LibHub_book_authors LibHub_book_authors_pkey; Type: CONSTRAINT; Schema: public; Owner: LibAdmin
--

ALTER TABLE ONLY public."LibHub_book_authors"
    ADD CONSTRAINT "LibHub_book_authors_pkey" PRIMARY KEY (id);


--
-- Name: LibHub_book_genres LibHub_book_genres_book_id_genre_id_9ab6f58d_uniq; Type: CONSTRAINT; Schema: public; Owner: LibAdmin
--

ALTER TABLE ONLY public."LibHub_book_genres"
    ADD CONSTRAINT "LibHub_book_genres_book_id_genre_id_9ab6f58d_uniq" UNIQUE (book_id, genre_id);


--
-- Name: LibHub_book_genres LibHub_book_genres_pkey; Type: CONSTRAINT; Schema: public; Owner: LibAdmin
--

ALTER TABLE ONLY public."LibHub_book_genres"
    ADD CONSTRAINT "LibHub_book_genres_pkey" PRIMARY KEY (id);


--
-- Name: LibHub_book LibHub_book_pkey; Type: CONSTRAINT; Schema: public; Owner: LibAdmin
--

ALTER TABLE ONLY public."LibHub_book"
    ADD CONSTRAINT "LibHub_book_pkey" PRIMARY KEY (id);


--
-- Name: LibHub_book_publishers LibHub_book_publishers_book_id_publisher_id_67ae80ab_uniq; Type: CONSTRAINT; Schema: public; Owner: LibAdmin
--

ALTER TABLE ONLY public."LibHub_book_publishers"
    ADD CONSTRAINT "LibHub_book_publishers_book_id_publisher_id_67ae80ab_uniq" UNIQUE (book_id, publisher_id);


--
-- Name: LibHub_book_publishers LibHub_book_publishers_pkey; Type: CONSTRAINT; Schema: public; Owner: LibAdmin
--

ALTER TABLE ONLY public."LibHub_book_publishers"
    ADD CONSTRAINT "LibHub_book_publishers_pkey" PRIMARY KEY (id);


--
-- Name: LibHub_comment LibHub_comment_pkey; Type: CONSTRAINT; Schema: public; Owner: LibAdmin
--

ALTER TABLE ONLY public."LibHub_comment"
    ADD CONSTRAINT "LibHub_comment_pkey" PRIMARY KEY (id);


--
-- Name: LibHub_evaluation LibHub_evaluation_pkey; Type: CONSTRAINT; Schema: public; Owner: LibAdmin
--

ALTER TABLE ONLY public."LibHub_evaluation"
    ADD CONSTRAINT "LibHub_evaluation_pkey" PRIMARY KEY (id);


--
-- Name: LibHub_genre LibHub_genre_pkey; Type: CONSTRAINT; Schema: public; Owner: LibAdmin
--

ALTER TABLE ONLY public."LibHub_genre"
    ADD CONSTRAINT "LibHub_genre_pkey" PRIMARY KEY (id);


--
-- Name: LibHub_language LibHub_language_pkey; Type: CONSTRAINT; Schema: public; Owner: LibAdmin
--

ALTER TABLE ONLY public."LibHub_language"
    ADD CONSTRAINT "LibHub_language_pkey" PRIMARY KEY (id);


--
-- Name: LibHub_publisher LibHub_publisher_pkey; Type: CONSTRAINT; Schema: public; Owner: LibAdmin
--

ALTER TABLE ONLY public."LibHub_publisher"
    ADD CONSTRAINT "LibHub_publisher_pkey" PRIMARY KEY (id);


--
-- Name: LibHub_request LibHub_request_pkey; Type: CONSTRAINT; Schema: public; Owner: LibAdmin
--

ALTER TABLE ONLY public."LibHub_request"
    ADD CONSTRAINT "LibHub_request_pkey" PRIMARY KEY (id);


--
-- Name: LibHub_user LibHub_user_email_key; Type: CONSTRAINT; Schema: public; Owner: LibAdmin
--

ALTER TABLE ONLY public."LibHub_user"
    ADD CONSTRAINT "LibHub_user_email_key" UNIQUE (email);


--
-- Name: LibHub_user_groups LibHub_user_groups_pkey; Type: CONSTRAINT; Schema: public; Owner: LibAdmin
--

ALTER TABLE ONLY public."LibHub_user_groups"
    ADD CONSTRAINT "LibHub_user_groups_pkey" PRIMARY KEY (id);


--
-- Name: LibHub_user_groups LibHub_user_groups_user_id_group_id_6549748f_uniq; Type: CONSTRAINT; Schema: public; Owner: LibAdmin
--

ALTER TABLE ONLY public."LibHub_user_groups"
    ADD CONSTRAINT "LibHub_user_groups_user_id_group_id_6549748f_uniq" UNIQUE (user_id, group_id);


--
-- Name: LibHub_user LibHub_user_pkey; Type: CONSTRAINT; Schema: public; Owner: LibAdmin
--

ALTER TABLE ONLY public."LibHub_user"
    ADD CONSTRAINT "LibHub_user_pkey" PRIMARY KEY (id);


--
-- Name: LibHub_user_user_permissions LibHub_user_user_permiss_user_id_permission_id_941dbad8_uniq; Type: CONSTRAINT; Schema: public; Owner: LibAdmin
--

ALTER TABLE ONLY public."LibHub_user_user_permissions"
    ADD CONSTRAINT "LibHub_user_user_permiss_user_id_permission_id_941dbad8_uniq" UNIQUE (user_id, permission_id);


--
-- Name: LibHub_user_user_permissions LibHub_user_user_permissions_pkey; Type: CONSTRAINT; Schema: public; Owner: LibAdmin
--

ALTER TABLE ONLY public."LibHub_user_user_permissions"
    ADD CONSTRAINT "LibHub_user_user_permissions_pkey" PRIMARY KEY (id);


--
-- Name: auth_group auth_group_name_key; Type: CONSTRAINT; Schema: public; Owner: LibAdmin
--

ALTER TABLE ONLY public.auth_group
    ADD CONSTRAINT auth_group_name_key UNIQUE (name);


--
-- Name: auth_group_permissions auth_group_permissions_group_id_permission_id_0cd325b0_uniq; Type: CONSTRAINT; Schema: public; Owner: LibAdmin
--

ALTER TABLE ONLY public.auth_group_permissions
    ADD CONSTRAINT auth_group_permissions_group_id_permission_id_0cd325b0_uniq UNIQUE (group_id, permission_id);


--
-- Name: auth_group_permissions auth_group_permissions_pkey; Type: CONSTRAINT; Schema: public; Owner: LibAdmin
--

ALTER TABLE ONLY public.auth_group_permissions
    ADD CONSTRAINT auth_group_permissions_pkey PRIMARY KEY (id);


--
-- Name: auth_group auth_group_pkey; Type: CONSTRAINT; Schema: public; Owner: LibAdmin
--

ALTER TABLE ONLY public.auth_group
    ADD CONSTRAINT auth_group_pkey PRIMARY KEY (id);


--
-- Name: auth_permission auth_permission_content_type_id_codename_01ab375a_uniq; Type: CONSTRAINT; Schema: public; Owner: LibAdmin
--

ALTER TABLE ONLY public.auth_permission
    ADD CONSTRAINT auth_permission_content_type_id_codename_01ab375a_uniq UNIQUE (content_type_id, codename);


--
-- Name: auth_permission auth_permission_pkey; Type: CONSTRAINT; Schema: public; Owner: LibAdmin
--

ALTER TABLE ONLY public.auth_permission
    ADD CONSTRAINT auth_permission_pkey PRIMARY KEY (id);


--
-- Name: django_admin_log django_admin_log_pkey; Type: CONSTRAINT; Schema: public; Owner: LibAdmin
--

ALTER TABLE ONLY public.django_admin_log
    ADD CONSTRAINT django_admin_log_pkey PRIMARY KEY (id);


--
-- Name: django_content_type django_content_type_app_label_model_76bd3d3b_uniq; Type: CONSTRAINT; Schema: public; Owner: LibAdmin
--

ALTER TABLE ONLY public.django_content_type
    ADD CONSTRAINT django_content_type_app_label_model_76bd3d3b_uniq UNIQUE (app_label, model);


--
-- Name: django_content_type django_content_type_pkey; Type: CONSTRAINT; Schema: public; Owner: LibAdmin
--

ALTER TABLE ONLY public.django_content_type
    ADD CONSTRAINT django_content_type_pkey PRIMARY KEY (id);


--
-- Name: django_migrations django_migrations_pkey; Type: CONSTRAINT; Schema: public; Owner: LibAdmin
--

ALTER TABLE ONLY public.django_migrations
    ADD CONSTRAINT django_migrations_pkey PRIMARY KEY (id);


--
-- Name: django_session django_session_pkey; Type: CONSTRAINT; Schema: public; Owner: LibAdmin
--

ALTER TABLE ONLY public.django_session
    ADD CONSTRAINT django_session_pkey PRIMARY KEY (session_key);


--
-- Name: LibHub_book_authors_author_id_e0a3d879; Type: INDEX; Schema: public; Owner: LibAdmin
--

CREATE INDEX "LibHub_book_authors_author_id_e0a3d879" ON public."LibHub_book_authors" USING btree (author_id);


--
-- Name: LibHub_book_authors_book_id_5fbdba85; Type: INDEX; Schema: public; Owner: LibAdmin
--

CREATE INDEX "LibHub_book_authors_book_id_5fbdba85" ON public."LibHub_book_authors" USING btree (book_id);


--
-- Name: LibHub_book_genres_book_id_0ef69b24; Type: INDEX; Schema: public; Owner: LibAdmin
--

CREATE INDEX "LibHub_book_genres_book_id_0ef69b24" ON public."LibHub_book_genres" USING btree (book_id);


--
-- Name: LibHub_book_genres_genre_id_af250cf4; Type: INDEX; Schema: public; Owner: LibAdmin
--

CREATE INDEX "LibHub_book_genres_genre_id_af250cf4" ON public."LibHub_book_genres" USING btree (genre_id);


--
-- Name: LibHub_book_language_id_f324e824; Type: INDEX; Schema: public; Owner: LibAdmin
--

CREATE INDEX "LibHub_book_language_id_f324e824" ON public."LibHub_book" USING btree (language_id);


--
-- Name: LibHub_book_publishers_book_id_caf8117f; Type: INDEX; Schema: public; Owner: LibAdmin
--

CREATE INDEX "LibHub_book_publishers_book_id_caf8117f" ON public."LibHub_book_publishers" USING btree (book_id);


--
-- Name: LibHub_book_publishers_publisher_id_7c4fb3bc; Type: INDEX; Schema: public; Owner: LibAdmin
--

CREATE INDEX "LibHub_book_publishers_publisher_id_7c4fb3bc" ON public."LibHub_book_publishers" USING btree (publisher_id);


--
-- Name: LibHub_comment_book_id_7c114971; Type: INDEX; Schema: public; Owner: LibAdmin
--

CREATE INDEX "LibHub_comment_book_id_7c114971" ON public."LibHub_comment" USING btree (book_id);


--
-- Name: LibHub_comment_user_id_c2507d81; Type: INDEX; Schema: public; Owner: LibAdmin
--

CREATE INDEX "LibHub_comment_user_id_c2507d81" ON public."LibHub_comment" USING btree (user_id);


--
-- Name: LibHub_evaluation_book_id_7faeda6d; Type: INDEX; Schema: public; Owner: LibAdmin
--

CREATE INDEX "LibHub_evaluation_book_id_7faeda6d" ON public."LibHub_evaluation" USING btree (book_id);


--
-- Name: LibHub_evaluation_user_id_eb32a5b2; Type: INDEX; Schema: public; Owner: LibAdmin
--

CREATE INDEX "LibHub_evaluation_user_id_eb32a5b2" ON public."LibHub_evaluation" USING btree (user_id);


--
-- Name: LibHub_request_book_id_ed7b6f30; Type: INDEX; Schema: public; Owner: LibAdmin
--

CREATE INDEX "LibHub_request_book_id_ed7b6f30" ON public."LibHub_request" USING btree (book_id);


--
-- Name: LibHub_request_user_id_50db7620; Type: INDEX; Schema: public; Owner: LibAdmin
--

CREATE INDEX "LibHub_request_user_id_50db7620" ON public."LibHub_request" USING btree (user_id);


--
-- Name: LibHub_user_email_2a88ade4_like; Type: INDEX; Schema: public; Owner: LibAdmin
--

CREATE INDEX "LibHub_user_email_2a88ade4_like" ON public."LibHub_user" USING btree (email varchar_pattern_ops);


--
-- Name: LibHub_user_groups_group_id_fde72db5; Type: INDEX; Schema: public; Owner: LibAdmin
--

CREATE INDEX "LibHub_user_groups_group_id_fde72db5" ON public."LibHub_user_groups" USING btree (group_id);


--
-- Name: LibHub_user_groups_user_id_2007912d; Type: INDEX; Schema: public; Owner: LibAdmin
--

CREATE INDEX "LibHub_user_groups_user_id_2007912d" ON public."LibHub_user_groups" USING btree (user_id);


--
-- Name: LibHub_user_user_permissions_permission_id_dde060ad; Type: INDEX; Schema: public; Owner: LibAdmin
--

CREATE INDEX "LibHub_user_user_permissions_permission_id_dde060ad" ON public."LibHub_user_user_permissions" USING btree (permission_id);


--
-- Name: LibHub_user_user_permissions_user_id_b6b5aab4; Type: INDEX; Schema: public; Owner: LibAdmin
--

CREATE INDEX "LibHub_user_user_permissions_user_id_b6b5aab4" ON public."LibHub_user_user_permissions" USING btree (user_id);


--
-- Name: auth_group_name_a6ea08ec_like; Type: INDEX; Schema: public; Owner: LibAdmin
--

CREATE INDEX auth_group_name_a6ea08ec_like ON public.auth_group USING btree (name varchar_pattern_ops);


--
-- Name: auth_group_permissions_group_id_b120cbf9; Type: INDEX; Schema: public; Owner: LibAdmin
--

CREATE INDEX auth_group_permissions_group_id_b120cbf9 ON public.auth_group_permissions USING btree (group_id);


--
-- Name: auth_group_permissions_permission_id_84c5c92e; Type: INDEX; Schema: public; Owner: LibAdmin
--

CREATE INDEX auth_group_permissions_permission_id_84c5c92e ON public.auth_group_permissions USING btree (permission_id);


--
-- Name: auth_permission_content_type_id_2f476e4b; Type: INDEX; Schema: public; Owner: LibAdmin
--

CREATE INDEX auth_permission_content_type_id_2f476e4b ON public.auth_permission USING btree (content_type_id);


--
-- Name: django_admin_log_content_type_id_c4bce8eb; Type: INDEX; Schema: public; Owner: LibAdmin
--

CREATE INDEX django_admin_log_content_type_id_c4bce8eb ON public.django_admin_log USING btree (content_type_id);


--
-- Name: django_admin_log_user_id_c564eba6; Type: INDEX; Schema: public; Owner: LibAdmin
--

CREATE INDEX django_admin_log_user_id_c564eba6 ON public.django_admin_log USING btree (user_id);


--
-- Name: django_session_expire_date_a5c62663; Type: INDEX; Schema: public; Owner: LibAdmin
--

CREATE INDEX django_session_expire_date_a5c62663 ON public.django_session USING btree (expire_date);


--
-- Name: django_session_session_key_c0390e0f_like; Type: INDEX; Schema: public; Owner: LibAdmin
--

CREATE INDEX django_session_session_key_c0390e0f_like ON public.django_session USING btree (session_key varchar_pattern_ops);


--
-- Name: LibHub_book_authors LibHub_book_authors_author_id_e0a3d879_fk_LibHub_author_id; Type: FK CONSTRAINT; Schema: public; Owner: LibAdmin
--

ALTER TABLE ONLY public."LibHub_book_authors"
    ADD CONSTRAINT "LibHub_book_authors_author_id_e0a3d879_fk_LibHub_author_id" FOREIGN KEY (author_id) REFERENCES public."LibHub_author"(id) DEFERRABLE INITIALLY DEFERRED;


--
-- Name: LibHub_book_authors LibHub_book_authors_book_id_5fbdba85_fk_LibHub_book_id; Type: FK CONSTRAINT; Schema: public; Owner: LibAdmin
--

ALTER TABLE ONLY public."LibHub_book_authors"
    ADD CONSTRAINT "LibHub_book_authors_book_id_5fbdba85_fk_LibHub_book_id" FOREIGN KEY (book_id) REFERENCES public."LibHub_book"(id) DEFERRABLE INITIALLY DEFERRED;


--
-- Name: LibHub_book_genres LibHub_book_genres_book_id_0ef69b24_fk_LibHub_book_id; Type: FK CONSTRAINT; Schema: public; Owner: LibAdmin
--

ALTER TABLE ONLY public."LibHub_book_genres"
    ADD CONSTRAINT "LibHub_book_genres_book_id_0ef69b24_fk_LibHub_book_id" FOREIGN KEY (book_id) REFERENCES public."LibHub_book"(id) DEFERRABLE INITIALLY DEFERRED;


--
-- Name: LibHub_book_genres LibHub_book_genres_genre_id_af250cf4_fk_LibHub_genre_id; Type: FK CONSTRAINT; Schema: public; Owner: LibAdmin
--

ALTER TABLE ONLY public."LibHub_book_genres"
    ADD CONSTRAINT "LibHub_book_genres_genre_id_af250cf4_fk_LibHub_genre_id" FOREIGN KEY (genre_id) REFERENCES public."LibHub_genre"(id) DEFERRABLE INITIALLY DEFERRED;


--
-- Name: LibHub_book LibHub_book_language_id_f324e824_fk_LibHub_language_id; Type: FK CONSTRAINT; Schema: public; Owner: LibAdmin
--

ALTER TABLE ONLY public."LibHub_book"
    ADD CONSTRAINT "LibHub_book_language_id_f324e824_fk_LibHub_language_id" FOREIGN KEY (language_id) REFERENCES public."LibHub_language"(id) DEFERRABLE INITIALLY DEFERRED;


--
-- Name: LibHub_book_publishers LibHub_book_publishe_publisher_id_7c4fb3bc_fk_LibHub_pu; Type: FK CONSTRAINT; Schema: public; Owner: LibAdmin
--

ALTER TABLE ONLY public."LibHub_book_publishers"
    ADD CONSTRAINT "LibHub_book_publishe_publisher_id_7c4fb3bc_fk_LibHub_pu" FOREIGN KEY (publisher_id) REFERENCES public."LibHub_publisher"(id) DEFERRABLE INITIALLY DEFERRED;


--
-- Name: LibHub_book_publishers LibHub_book_publishers_book_id_caf8117f_fk_LibHub_book_id; Type: FK CONSTRAINT; Schema: public; Owner: LibAdmin
--

ALTER TABLE ONLY public."LibHub_book_publishers"
    ADD CONSTRAINT "LibHub_book_publishers_book_id_caf8117f_fk_LibHub_book_id" FOREIGN KEY (book_id) REFERENCES public."LibHub_book"(id) DEFERRABLE INITIALLY DEFERRED;


--
-- Name: LibHub_comment LibHub_comment_book_id_7c114971_fk_LibHub_book_id; Type: FK CONSTRAINT; Schema: public; Owner: LibAdmin
--

ALTER TABLE ONLY public."LibHub_comment"
    ADD CONSTRAINT "LibHub_comment_book_id_7c114971_fk_LibHub_book_id" FOREIGN KEY (book_id) REFERENCES public."LibHub_book"(id) DEFERRABLE INITIALLY DEFERRED;


--
-- Name: LibHub_comment LibHub_comment_user_id_c2507d81_fk_LibHub_user_id; Type: FK CONSTRAINT; Schema: public; Owner: LibAdmin
--

ALTER TABLE ONLY public."LibHub_comment"
    ADD CONSTRAINT "LibHub_comment_user_id_c2507d81_fk_LibHub_user_id" FOREIGN KEY (user_id) REFERENCES public."LibHub_user"(id) DEFERRABLE INITIALLY DEFERRED;


--
-- Name: LibHub_evaluation LibHub_evaluation_book_id_7faeda6d_fk_LibHub_book_id; Type: FK CONSTRAINT; Schema: public; Owner: LibAdmin
--

ALTER TABLE ONLY public."LibHub_evaluation"
    ADD CONSTRAINT "LibHub_evaluation_book_id_7faeda6d_fk_LibHub_book_id" FOREIGN KEY (book_id) REFERENCES public."LibHub_book"(id) DEFERRABLE INITIALLY DEFERRED;


--
-- Name: LibHub_evaluation LibHub_evaluation_user_id_eb32a5b2_fk_LibHub_user_id; Type: FK CONSTRAINT; Schema: public; Owner: LibAdmin
--

ALTER TABLE ONLY public."LibHub_evaluation"
    ADD CONSTRAINT "LibHub_evaluation_user_id_eb32a5b2_fk_LibHub_user_id" FOREIGN KEY (user_id) REFERENCES public."LibHub_user"(id) DEFERRABLE INITIALLY DEFERRED;


--
-- Name: LibHub_request LibHub_request_book_id_ed7b6f30_fk_LibHub_book_id; Type: FK CONSTRAINT; Schema: public; Owner: LibAdmin
--

ALTER TABLE ONLY public."LibHub_request"
    ADD CONSTRAINT "LibHub_request_book_id_ed7b6f30_fk_LibHub_book_id" FOREIGN KEY (book_id) REFERENCES public."LibHub_book"(id) DEFERRABLE INITIALLY DEFERRED;


--
-- Name: LibHub_request LibHub_request_user_id_50db7620_fk_LibHub_user_id; Type: FK CONSTRAINT; Schema: public; Owner: LibAdmin
--

ALTER TABLE ONLY public."LibHub_request"
    ADD CONSTRAINT "LibHub_request_user_id_50db7620_fk_LibHub_user_id" FOREIGN KEY (user_id) REFERENCES public."LibHub_user"(id) DEFERRABLE INITIALLY DEFERRED;


--
-- Name: LibHub_user_groups LibHub_user_groups_group_id_fde72db5_fk_auth_group_id; Type: FK CONSTRAINT; Schema: public; Owner: LibAdmin
--

ALTER TABLE ONLY public."LibHub_user_groups"
    ADD CONSTRAINT "LibHub_user_groups_group_id_fde72db5_fk_auth_group_id" FOREIGN KEY (group_id) REFERENCES public.auth_group(id) DEFERRABLE INITIALLY DEFERRED;


--
-- Name: LibHub_user_groups LibHub_user_groups_user_id_2007912d_fk_LibHub_user_id; Type: FK CONSTRAINT; Schema: public; Owner: LibAdmin
--

ALTER TABLE ONLY public."LibHub_user_groups"
    ADD CONSTRAINT "LibHub_user_groups_user_id_2007912d_fk_LibHub_user_id" FOREIGN KEY (user_id) REFERENCES public."LibHub_user"(id) DEFERRABLE INITIALLY DEFERRED;


--
-- Name: LibHub_user_user_permissions LibHub_user_user_per_permission_id_dde060ad_fk_auth_perm; Type: FK CONSTRAINT; Schema: public; Owner: LibAdmin
--

ALTER TABLE ONLY public."LibHub_user_user_permissions"
    ADD CONSTRAINT "LibHub_user_user_per_permission_id_dde060ad_fk_auth_perm" FOREIGN KEY (permission_id) REFERENCES public.auth_permission(id) DEFERRABLE INITIALLY DEFERRED;


--
-- Name: LibHub_user_user_permissions LibHub_user_user_permissions_user_id_b6b5aab4_fk_LibHub_user_id; Type: FK CONSTRAINT; Schema: public; Owner: LibAdmin
--

ALTER TABLE ONLY public."LibHub_user_user_permissions"
    ADD CONSTRAINT "LibHub_user_user_permissions_user_id_b6b5aab4_fk_LibHub_user_id" FOREIGN KEY (user_id) REFERENCES public."LibHub_user"(id) DEFERRABLE INITIALLY DEFERRED;


--
-- Name: auth_group_permissions auth_group_permissio_permission_id_84c5c92e_fk_auth_perm; Type: FK CONSTRAINT; Schema: public; Owner: LibAdmin
--

ALTER TABLE ONLY public.auth_group_permissions
    ADD CONSTRAINT auth_group_permissio_permission_id_84c5c92e_fk_auth_perm FOREIGN KEY (permission_id) REFERENCES public.auth_permission(id) DEFERRABLE INITIALLY DEFERRED;


--
-- Name: auth_group_permissions auth_group_permissions_group_id_b120cbf9_fk_auth_group_id; Type: FK CONSTRAINT; Schema: public; Owner: LibAdmin
--

ALTER TABLE ONLY public.auth_group_permissions
    ADD CONSTRAINT auth_group_permissions_group_id_b120cbf9_fk_auth_group_id FOREIGN KEY (group_id) REFERENCES public.auth_group(id) DEFERRABLE INITIALLY DEFERRED;


--
-- Name: auth_permission auth_permission_content_type_id_2f476e4b_fk_django_co; Type: FK CONSTRAINT; Schema: public; Owner: LibAdmin
--

ALTER TABLE ONLY public.auth_permission
    ADD CONSTRAINT auth_permission_content_type_id_2f476e4b_fk_django_co FOREIGN KEY (content_type_id) REFERENCES public.django_content_type(id) DEFERRABLE INITIALLY DEFERRED;


--
-- Name: django_admin_log django_admin_log_content_type_id_c4bce8eb_fk_django_co; Type: FK CONSTRAINT; Schema: public; Owner: LibAdmin
--

ALTER TABLE ONLY public.django_admin_log
    ADD CONSTRAINT django_admin_log_content_type_id_c4bce8eb_fk_django_co FOREIGN KEY (content_type_id) REFERENCES public.django_content_type(id) DEFERRABLE INITIALLY DEFERRED;


--
-- Name: django_admin_log django_admin_log_user_id_c564eba6_fk_LibHub_user_id; Type: FK CONSTRAINT; Schema: public; Owner: LibAdmin
--

ALTER TABLE ONLY public.django_admin_log
    ADD CONSTRAINT "django_admin_log_user_id_c564eba6_fk_LibHub_user_id" FOREIGN KEY (user_id) REFERENCES public."LibHub_user"(id) DEFERRABLE INITIALLY DEFERRED;


--
-- PostgreSQL database dump complete
--

